{"cameraMode":{"drawMode":0,"name":"Shaded","section":"Shading Mode"},"sceneLighting":true,"audioPlay":false,"sceneViewState":{"m_AlwaysRefresh":false,"showFog":true,"showSkybox":true,"showFlares":true,"showImageEffects":true,"showParticleSystems":true,"showVisualEffectGraphs":true,"m_FxEnabled":true},"in2DMode":false,"pivot":{"x":5.310814380645752,"y":1.1604331731796265,"z":1.601560354232788},"rotation":{"x":0.0512610524892807,"y":-0.03895696997642517,"z":0.0018764829728752375,"w":0.9980657696723938},"size":0.11978526413440705,"orthographic":false}