{"cameraMode":{"drawMode":0,"name":"Shaded","section":"Shading Mode"},"sceneLighting":true,"audioPlay":false,"sceneViewState":{"m_AlwaysRefresh":false,"showFog":true,"showSkybox":true,"showFlares":true,"showImageEffects":true,"showParticleSystems":true,"showVisualEffectGraphs":true,"m_FxEnabled":true},"in2DMode":false,"pivot":{"x":2.0419604778289797,"y":-63.49492645263672,"z":-150.60191345214845},"rotation":{"x":0.0041894204914569859,"y":-0.021900154650211335,"z":-0.00009152374695986509,"w":-0.999758780002594},"size":5.7481889724731449,"orthographic":false}