{"cameraMode":{"drawMode":0,"name":"Shaded","section":"Shading Mode"},"sceneLighting":true,"audioPlay":false,"sceneViewState":{"m_AlwaysRefresh":false,"showFog":true,"showSkybox":true,"showFlares":true,"showImageEffects":true,"showParticleSystems":true,"showVisualEffectGraphs":true,"m_FxEnabled":true},"in2DMode":false,"pivot":{"x":389.5096740722656,"y":0.8766231536865234,"z":9.927940368652344},"rotation":{"x":-0.17492437362670899,"y":0.007991200312972069,"z":-0.00132435851264745,"w":-0.9846853017807007},"size":14.155867576599121,"orthographic":false}